Microsoft Windows [Version 10.0.22621.1555]
(c) Microsoft Corporation. All rights reserved.

C:\Users\ssye0>mysql -u root -p
Enter password:
Welcome to the MariaDB monitor.  Commands end with ; or \g.
Your MariaDB connection id is 67
Server version: 10.4.28-MariaDB mariadb.org binary distribution

Copyright (c) 2000, 2018, Oracle, MariaDB Corporation Ab and others.

Type 'help;' or '\h' for help. Type '\c' to clear the current input statement.

MariaDB [(none)]> use school;
Database changed
MariaDB [school]> SELECT voorletters, tussenvoegsels, achternaam FROM student WHERE geboortedatum BETWEEN "1996-01-01" AND "1997-01-01";
+-------------+----------------+------------+
| voorletters | tussenvoegsels | achternaam |
+-------------+----------------+------------+
| cb          | de             | bruin      |
+-------------+----------------+------------+
1 row in set (0.001 sec)

MariaDB [school]> SELECT voorletters, tussenvoegsels, achternaam FROM student WHERE geboortedatum BETWEEN "1996-01-01" AND "1997-01-01";
+-------------+----------------+------------+
| voorletters | tussenvoegsels | achternaam |
+-------------+----------------+------------+
| cb          | de             | bruin      |
+-------------+----------------+------------+
1 row in set (0.001 sec)

MariaDB [school]> SELECT voorletters, tussenvoegsels, achternaam FROM student WHERE geboortedatum BETWEEN "1996-01-01" AND "1997-01-01";
+-------------+----------------+------------+
| voorletters | tussenvoegsels | achternaam |
+-------------+----------------+------------+
| cb          | de             | bruin      |
+-------------+----------------+------------+
1 row in set (0.000 sec)

MariaDB [school]> SELECT voorletters, tussenvoegsels, achternaam FROM student WHERE geboortedatum BETWEEN "1996-01-01" AND "1997-01-01";
+-------------+----------------+------------+
| voorletters | tussenvoegsels | achternaam |
+-------------+----------------+------------+
| cb          | de             | bruin      |
+-------------+----------------+------------+
1 row in set (0.000 sec)

MariaDB [school]> SELECT voorletters, tussenvoegsels, achternaam FROM student WHERE geboortedatum BETWEEN "1996-01-01" AND "1997-01-01";
+-------------+----------------+------------+
| voorletters | tussenvoegsels | achternaam |
+-------------+----------------+------------+
| cb          | de             | bruin      |
+-------------+----------------+------------+
1 row in set (0.000 sec)

MariaDB [school]> SELECT voorletters, tussenvoegsels, achternaam FROM student WHERE geboortedatum BETWEEN "1996-01-01" AND "1997-01-01";
+-------------+----------------+------------+
| voorletters | tussenvoegsels | achternaam |
+-------------+----------------+------------+
| cb          | de             | bruin      |
+-------------+----------------+------------+
1 row in set (0.000 sec)

MariaDB [school]> SELECT voorletters, tussenvoegsels, achternaam FROM student WHERE geboortedatum BETWEEN "1996-01-01" AND "1997-01-01";
+-------------+----------------+------------+
| voorletters | tussenvoegsels | achternaam |
+-------------+----------------+------------+
| cb          | de             | bruin      |
+-------------+----------------+------------+
1 row in set (0.000 sec)

MariaDB [school]> SELECT voorletters, tussenvoegsels, achternaam FROM student WHERE geboortedatum BETWEEN "1996-01-01" AND "1997-01-01";
+-------------+----------------+------------+
| voorletters | tussenvoegsels | achternaam |
+-------------+----------------+------------+
| cb          | de             | bruin      |
+-------------+----------------+------------+
1 row in set (0.001 sec)

MariaDB [school]> SELECT voorletters, tussenvoegsels, achternaam FROM student WHERE geboortedatum BETWEEN "1996-01-01" AND "1997-01-01";
+-------------+----------------+------------+
| voorletters | tussenvoegsels | achternaam |
+-------------+----------------+------------+
| cb          | de             | bruin      |
+-------------+----------------+------------+
1 row in set (0.000 sec)

MariaDB [school]>
